time,lat,long,throttle
44.85,44.49266108,-79.18132964,97.6
44.9,44.49266784,-79.18133815,97.6
44.95,44.49267471,-79.18134654,97.6
45.0,44.49268179,-79.18135483,97.6
45.05,44.49268906,-79.18136303,97.6
45.1,44.49269644,-79.18137098,97.6
45.15,44.49270392,-79.1813787,97.6
45.2,44.49271154,-79.18138633,97.6
45.25,44.49271929,-79.18139387,97.6
45.3,44.49272716,-79.18140142,97.5844
45.35,44.49273514,-79.18140898,97.5289
45.4,44.49274323,-79.18141646,97.5
45.45,44.49275142,-79.18142385,97.5
45.5,44.49275972,-79.18143122,97.5
45.55,44.49276813,-79.18143856,97.5
45.6,44.49277655,-79.18144589,97.5
45.65,44.49278499,-79.1814532,97.5044
45.7,44.4927935,-79.18146058,97.56
45.75,44.49280208,-79.18146802,97.5844
45.8,44.49281066,-79.18147555,97.5289
45.85,44.49281925,-79.18148314,97.5
45.9,44.49282786,-79.18149083,97.5
45.95,44.49283647,-79.18149861,97.5
46.0,44.49284507,-79.18150646,97.5
46.05,44.49285366,-79.18151439,97.5489
46.1,44.49286231,-79.1815224,97.6
46.15,44.49287101,-79.18153048,97.6
46.2,44.49287967,-79.18153877,97.5844
46.25,44.49288828,-79.18154724,97.5289
46.3,44.49289687,-79.18155583,97.5
46.35,44.49290544,-79.18156453,97.5
46.4,44.49291396,-79.1815734,97.5
46.45,44.49292243,-79.18158242,97.5
46.5,44.49293083,-79.18159157,97.5
46.55,44.49293917,-79.18160084,97.5
46.6,44.49294755,-79.18161026,97.5
46.65,44.49295598,-79.18161982,97.5
46.7,44.49296437,-79.18162947,97.5
46.75,44.49297271,-79.18163919,97.5
46.8,44.49298096,-79.18164912,97.5
46.85,44.49298912,-79.18165922,97.5
46.9,44.49299723,-79.18166951,97.5
46.95,44.4930053,-79.18167997,97.5
47.0,44.4930133,-79.18169054,97.5
47.05,44.49302126,-79.18170121,97.5
47.1,44.49302917,-79.18171205,97.5
47.15,44.49303702,-79.18172304,97.5
47.2,44.49304486,-79.1817341,97.5
47.25,44.49305267,-79.18174524,97.5
47.3,44.49306043,-79.18175647,97.5378
47.35,44.49306816,-79.18176779,97.5933
47.4,44.49307587,-79.18177922,97.6
47.45,44.49308355,-79.18179076,97.6
47.5,44.49309117,-79.1818024,97.6
47.55,44.49309871,-79.18181415,95.7644
47.6,44.49310619,-79.18182604,89.2089
47.65,44.4931136,-79.18183805,77.9067
47.7,44.49312086,-79.18185023,61.4622
47.75,44.49312798,-79.18186257,51.5533
47.8,44.49313495,-79.18187504,44.72
47.85,44.49314177,-79.18188764,38.5711
47.9,44.49314843,-79.18190036,32.8844
47.95,44.49315492,-79.1819132,31.44
48.0,44.49316116,-79.18192615,30.4
48.05,44.49316716,-79.1819392,30.4
48.1,44.49317292,-79.18195235,28.9067
48.15,44.49317846,-79.1819656,25.7956
48.2,44.49318373,-79.18197896,21.4378
48.25,44.49318874,-79.1819924,16.4933
48.3,44.49319351,-79.18200594,12.6733
48.35,44.49319806,-79.18201956,9.6556
48.4,44.49320206,-79.18203321,14.1
48.45,44.49320555,-79.1820469,17.8444
48.5,44.49320853,-79.18206058,19.7889
48.55,44.49321103,-79.18207425,21.0133
48.6,44.49321316,-79.18208782,21.4578
48.65,44.49321497,-79.1821013,22.5822
48.7,44.49321641,-79.18211476,24.0267
48.75,44.4932175,-79.18212821,24.9333
48.8,44.49321813,-79.18214145,26.26
48.85,44.49321832,-79.1821545,33.26
48.9,44.49321816,-79.18216753,38.6889
48.95,44.49321767,-79.18218054,40.0778
49.0,44.49321697,-79.18219336,42.08
49.05,44.49321606,-79.18220599,44.7467
49.1,44.49321473,-79.18221854,46.5067
49.15,44.493213,-79.18223101,47.84
49.2,44.493211,-79.18224337,48.3422
49.25,44.49320874,-79.18225563,48.8956
49.3,44.49320612,-79.18226765,51.34
49.35,44.49320317,-79.18227943,53.6133
49.4,44.49319996,-79.18229107,55.4467
49.45,44.49319651,-79.18230256,56.6133
49.5,44.49319288,-79.182314,57.0578
49.55,44.49318909,-79.18232539,60.94
49.6,44.49318497,-79.18233649,66.44
49.65,44.49318056,-79.18234734,76.8778
49.7,44.49317594,-79.18235808,87.5578
49.75,44.49317116,-79.18236873,93.28
49.8,44.49316616,-79.18237933,97.4467
49.85,44.49316098,-79.18238989,97.6133
49.9,44.4931556,-79.18240033,97.6733
49.95,44.49315004,-79.18241065,97.6178
50.0,44.49314425,-79.18242077,97.6
50.05,44.49313823,-79.18243072,97.6
50.1,44.49313205,-79.18244062,97.6
50.15,44.49312571,-79.18245048,97.6
50.2,44.49311915,-79.18246019,97.6
50.25,44.4931124,-79.18246975,97.6
50.3,44.49310543,-79.18247908,97.6
50.35,44.49309828,-79.18248821,97.6
50.4,44.49309097,-79.18249715,97.6
50.45,44.49308349,-79.18250591,97.6
50.5,44.49307586,-79.18251457,97.6
50.55,44.49306808,-79.18252313,97.6
50.6,44.49306017,-79.18253158,97.6
50.65,44.49305214,-79.1825399,97.6
50.7,44.49304397,-79.18254804,97.5844
50.75,44.49303568,-79.182556,97.5289
50.8,44.49302724,-79.18256371,97.5
50.85,44.49301864,-79.18257119,97.5
50.9,44.49300989,-79.18257841,97.5378
50.95,44.493001,-79.18258537,97.5933
51.0,44.49299192,-79.18259205,97.5511
51.05,44.49298268,-79.18259845,97.5
51.1,44.49297332,-79.18260467,97.5
51.15,44.49296385,-79.1826107,97.5
51.2,44.49295434,-79.18261653,97.5
51.25,44.4929448,-79.18262215,97.5
51.3,44.4929351,-79.18262751,97.5
51.35,44.49292526,-79.1826326,97.5378
51.4,44.49291534,-79.18263752,97.5933
51.45,44.49290536,-79.18264226,97.6
51.5,44.4928953,-79.18264694,97.5956
51.55,44.49288514,-79.18265153,97.54
51.6,44.49287495,-79.18265603,97.5
51.65,44.49286471,-79.18266043,97.5
51.7,44.49285439,-79.18266465,97.5
51.75,44.492844,-79.18266869,97.5
51.8,44.49283352,-79.18267248,97.5
51.85,44.49282298,-79.18267604,97.5
51.9,44.49281242,-79.18267935,97.5489
51.95,44.49280183,-79.18268243,97.5956
52.0,44.49279118,-79.18268531,97.54
52.05,44.49278046,-79.18268801,97.5156
52.1,44.49276964,-79.18269053,97.5711
52.15,44.49275872,-79.18269288,97.6
52.2,44.49274776,-79.18269508,97.6
52.25,44.49273676,-79.18269714,97.6
52.3,44.49272574,-79.1826991,97.6
52.35,44.49271472,-79.18270095,97.6
52.4,44.49270361,-79.1827027,97.6
52.45,44.49269244,-79.18270436,97.6
52.5,44.49268127,-79.18270585,94.3956
52.55,44.4926701,-79.1827072,82.9511
52.6,44.49265889,-79.18270845,65.0533
52.65,44.49264764,-79.18270963,40.1644
52.7,44.49263656,-79.18271064,32.7667
52.75,44.49262563,-79.1827115,33.6
52.8,44.49261492,-79.18271217,34.8244
52.85,44.4926044,-79.18271267,35.8622
52.9,44.49259404,-79.18271303,34.14
52.95,44.49258382,-79.18271325,32.8689
53.0,44.49257376,-79.18271329,32.7578
53.05,44.49256382,-79.18271315,32.3533
53.1,44.49255408,-79.18271268,31.6311
53.15,44.4925445,-79.18271188,31.6267
53.2,44.49253515,-79.18271071,31.96
53.25,44.49252602,-79.18270919,32.1467
53.3,44.49251703,-79.18270742,32.2911
53.35,44.49250817,-79.18270541,32.18
53.4,44.49249949,-79.18270304,32.1
53.45,44.49249098,-79.18270035,32.1
53.5,44.49248261,-79.18269734,32.2333
53.55,44.49247437,-79.18269406,32.5111
53.6,44.4924663,-79.18269037,32.5622
53.65,44.4924584,-79.18268631,32.5067
53.7,44.49245065,-79.182682,32.3044
53.75,44.49244302,-79.18267745,32.0911
53.8,44.49243562,-79.18267265,31.98
53.85,44.49242843,-79.18266762,32.0244
53.9,44.49242146,-79.18266227,32.4689
53.95,44.49241469,-79.18265663,33.0733
54.0,44.49240813,-79.18265074,33.8511
54.05,44.49240177,-79.18264461,33.9867
54.1,44.49239558,-79.18263828,33.82
54.15,44.49238957,-79.18263177,33.7022
54.2,44.49238372,-79.18262496,33.6
54.25,44.49237804,-79.18261789,33.6
54.3,44.4923725,-79.18261062,33.5689
54.35,44.4923671,-79.18260316,33.4578
54.4,44.49236194,-79.1825956,33.3467
54.45,44.492357,-79.18258793,33.2356
54.5,44.49235231,-79.18258009,33.1622
54.55,44.49234785,-79.1825721,33.1067
54.6,44.49234364,-79.18256394,33.0022
54.65,44.49233967,-79.18255562,32.94
54.7,44.49233592,-79.18254708,33.44
54.75,44.49233239,-79.18253835,33.7533
54.8,44.4923291,-79.18252953,33.5867
54.85,44.49232603,-79.18252064,33.3133
54.9,44.49232322,-79.18251164,32.9244
54.95,44.49232065,-79.18250253,32.8378
55.0,44.49231828,-79.18249334,32.8933
55.05,44.49231611,-79.18248408,32.9
55.1,44.49231429,-79.1824747,32.9133
55.15,44.49231281,-79.1824652,33.08
55.2,44.4923115,-79.18245569,33.4022
55.25,44.49231036,-79.18244617,34.1244
55.3,44.49230947,-79.1824366,31.3533
55.35,44.49230881,-79.182427,24.7978
55.4,44.49230836,-79.18241743,18.3556
55.45,44.49230812,-79.18240789,11.9667
55.5,44.49230813,-79.18239834,10.5156
55.55,44.49230837,-79.18238879,9.92
55.6,44.49230885,-79.18237931,11.42
55.65,44.49230956,-79.18236991,12.6556
55.7,44.49231049,-79.18236067,13.2111
55.75,44.49231164,-79.18235157,13.6333
55.8,44.49231312,-79.18234253,13.9111
55.85,44.49231489,-79.18233356,14.2644
55.9,44.49231683,-79.18232479,14.6533
55.95,44.49231893,-79.18231622,18.0244
56.0,44.49232135,-79.18230786,21.7489
56.05,44.49232407,-79.18229971,24.86
56.1,44.49232703,-79.18229184,28.0178
56.15,44.49233022,-79.18228421,31.2956
56.2,44.49233363,-79.18227689,33.2933
56.25,44.49233726,-79.18226987,33.9044
56.3,44.49234119,-79.18226326,34.984
56.35,44.49234541,-79.18225704,36.284
56.4,44.49234979,-79.18225107,38.1733
56.45,44.49235431,-79.18224536,40.34
56.5,44.49235904,-79.18224,42.1644
56.55,44.49236395,-79.18223499,43.9644
56.6,44.49236903,-79.18223033,46.02
56.65,44.49237427,-79.182226,48.5733
56.7,44.49237962,-79.18222208,52.4067
56.75,44.49238509,-79.18221853,59.12
56.8,44.49239075,-79.18221532,68.9533
56.85,44.49239657,-79.18221241,76.3311
56.9,44.49240244,-79.18220991,82.5533
56.95,44.49240837,-79.18220779,85.5
57.0,44.49241449,-79.18220609,88.0089
57.05,44.49242078,-79.18220478,90.62
57.1,44.49242711,-79.18220384,93.1689
57.15,44.49243348,-79.18220326,95.5578
57.2,44.49243989,-79.18220324,96.968
57.25,44.49244636,-79.18220375,97.318
57.3,44.4924529,-79.18220458,97.5267
57.35,44.49245949,-79.18220571,97.5822
57.4,44.49246606,-79.18220734,97.634
57.45,44.49247262,-79.18220943,97.684
57.5,44.49247918,-79.18221198,97.7
57.55,44.49248576,-79.18221496,97.7
57.6,44.49249226,-79.18221838,97.6611
57.65,44.4924987,-79.1822222,97.6056
57.7,44.49250519,-79.18222628,97.6
57.75,44.49251173,-79.18223061,97.6
57.8,44.49251828,-79.18223524,97.6
57.85,44.49252481,-79.18224017,97.6
57.9,44.49253134,-79.18224546,97.6
57.95,44.49253785,-79.18225108,97.6
58.0,44.49254438,-79.1822568,97.6
58.05,44.49255094,-79.1822626,97.5333
58.1,44.49255759,-79.18226845,97.3111
58.15,44.49256432,-79.18227435,93.4088
58.2,44.4925712,-79.18228016,85.8264
58.25,44.49257824,-79.18228588,82.6101
58.3,44.49258542,-79.18229139,81.4485
58.35,44.49259273,-79.18229672,81.0611
58.4,44.49260017,-79.1823018,81.0056
58.45,44.49260773,-79.18230664,79.7637
58.5,44.49261542,-79.18231113,77.6956
58.55,44.49262324,-79.18231529,67.64
58.6,44.49263118,-79.18231924,59.742
58.65,44.49263924,-79.18232298,57.392
58.7,44.49264738,-79.18232608,55.6717
58.75,44.49265558,-79.18232858,55.5707
58.8,44.49266385,-79.18233047,54.8667
58.85,44.4926722,-79.18233181,52.7556
58.9,44.49268052,-79.18233286,51.7
58.95,44.49268881,-79.18233363,51.7
59.0,44.49269701,-79.18233379,51.8154
59.05,44.49270512,-79.18233337,51.9802
59.1,44.49271313,-79.18233243,51.3778
59.15,44.49272105,-79.182331,50.6707
59.2,44.49272888,-79.18232931,50.85
59.25,44.49273662,-79.18232736,51.1056
59.3,44.49274412,-79.18232497,51.1611
59.35,44.4927514,-79.18232215,51.1333
59.4,44.49275848,-79.18231894,50.9111
59.45,44.49276539,-79.18231534,50.9944
59.5,44.49277205,-79.18231157,51.3833
59.55,44.49277848,-79.18230763,51.5
59.6,44.49278477,-79.18230331,51.5
59.65,44.49279093,-79.18229864,51.4506
59.7,44.49279693,-79.18229364,51.364
59.75,44.49280278,-79.18228834,50.914
59.8,44.49280835,-79.1822826,50.4556
59.85,44.49281367,-79.18227645,49.9
59.9,44.49281872,-79.18226997,49.0056
59.95,44.49282353,-79.18226316,45.0611
60.0,44.49282814,-79.18225607,42.2667
60.05,44.49283257,-79.18224871,42.1556
60.1,44.49283672,-79.1822411,39.1278
60.15,44.49284063,-79.18223327,33.1833
60.2,44.49284428,-79.18222527,30.1944
60.25,44.49284771,-79.18221711,28.4722
60.3,44.49285073,-79.18220882,28.4
60.35,44.49285339,-79.1822004,28.55
60.4,44.49285579,-79.18219191,29.05
60.45,44.49285796,-79.18218338,29.5333
60.5,44.49285975,-79.18217485,29.9778
60.55,44.49286118,-79.18216633,30.95
60.6,44.49286222,-79.18215776,32.45
60.65,44.4928629,-79.18214915,34.2846
60.7,44.4928632,-79.18214051,36.2626
60.75,44.49286314,-79.18213184,42.3667
60.8,44.49286276,-79.18212333,49.0333
60.85,44.49286208,-79.18211496,53.7
60.9,44.49286115,-79.18210666,58.6611
60.95,44.49285997,-79.18209842,68.2722
61.0,44.49285839,-79.18209039,77.5333
61.05,44.49285642,-79.18208255,85.9778
61.1,44.49285417,-79.18207479,92.1444
61.15,44.49285166,-79.18206709,96.0333
61.2,44.49284889,-79.18205966,97.2389
61.25,44.49284586,-79.1820525,97.2944
61.3,44.49284255,-79.18204525,97.3
61.35,44.49283899,-79.18203792,97.3
61.4,44.49283517,-79.18203083,97.3
61.45,44.49283111,-79.18202397,97.3
61.5,44.49282674,-79.18201737,97.3
61.55,44.49282209,-79.182011,97.3141
61.6,44.49281719,-79.18200474,97.3646
61.65,44.49281208,-79.18199857,97.3833
61.7,44.49280675,-79.18199271,97.3278
61.75,44.49280125,-79.18198715,97.3
61.8,44.49279544,-79.18198181,97.3
61.85,44.49278937,-79.18197669,97.3389
61.9,44.49278306,-79.18197194,97.3944
61.95,44.49277654,-79.18196754,97.4
62.0,44.49276986,-79.18196337,97.4056
62.05,44.49276303,-79.18195943,97.4611
62.1,44.49275602,-79.1819559,97.5167
62.15,44.49274885,-79.18195275,97.5722
62.2,44.49274157,-79.18194991,97.6
62.25,44.4927342,-79.18194738,97.6
62.3,44.49272666,-79.18194516,97.5611
62.35,44.49271897,-79.18194325,97.5056
62.4,44.49271118,-79.18194172,97.5
62.45,44.4927033,-79.18194055,97.5
62.5,44.49269531,-79.18193964,97.5
62.55,44.49268722,-79.181939,97.5
62.6,44.49267907,-79.18193855,97.5
62.65,44.49267086,-79.18193828,97.5
62.7,44.49266253,-79.18193814,97.5
62.75,44.49265408,-79.1819381,97.5
62.8,44.49264564,-79.18193791,97.5
62.85,44.49263719,-79.18193757,97.5
62.9,44.4926287,-79.18193689,97.5
62.95,44.49262017,-79.18193591,97.5
63.0,44.4926116,-79.18193466,97.5
63.05,44.49260302,-79.18193317,97.5
63.1,44.49259443,-79.1819313,97.5
63.15,44.49258584,-79.18192908,97.5
63.2,44.49257732,-79.18192638,97.5
63.25,44.49256887,-79.18192324,97.5
63.3,44.49256047,-79.18191969,97.55
63.35,44.49255214,-79.18191576,97.5944
63.4,44.49254392,-79.18191137,97.5389
63.45,44.49253582,-79.18190654,97.5
63.5,44.49252783,-79.18190132,97.5
63.55,44.49251994,-79.18189575,97.5278
63.6,44.49251225,-79.18188969,97.5833
63.65,44.49250472,-79.18188319,97.6
63.7,44.49249731,-79.18187628,97.6
63.75,44.49249,-79.18186898,97.65
63.8,44.49248289,-79.18186135,97.6945
63.85,44.49247596,-79.1818534,97.6389
63.9,44.49246923,-79.18184505,97.6167
63.95,44.49246268,-79.18183633,97.6722
64.0,44.49245634,-79.18182721,97.7
64.05,44.4924502,-79.18181771,97.7
64.1,44.4924443,-79.18180791,97.7
64.15,44.49243861,-79.18179783,97.7
64.2,44.49243315,-79.1817875,97.7
64.25,44.4924279,-79.18177692,97.7
64.3,44.49242289,-79.18176606,97.7
64.35,44.4924181,-79.18175492,95.1833
64.4,44.49241345,-79.18174369,86.7944
64.45,44.49240893,-79.18173236,75.0444
64.5,44.4924045,-79.18172097,59.9333
64.55,44.49240017,-79.18170953,56.0222
64.6,44.492396,-79.18169834,56.9111
64.65,44.492392,-79.18168737,57.7
64.7,44.49238799,-79.1816766,58.4278
64.75,44.49238399,-79.18166601,58.7056
64.8,44.49237994,-79.18165573,58.95
64.85,44.49237584,-79.18164573,59.1167
64.9,44.49237165,-79.1816361,59.2
64.95,44.49236739,-79.1816268,59.2
65.0,44.49236296,-79.18161781,59.3167
65.05,44.49235836,-79.18160909,59.4833
65.1,44.49235357,-79.18160091,58.0
65.15,44.4923486,-79.18159324,56.1722
65.2,44.49234353,-79.18158562,52.8944
65.25,44.49233838,-79.18157806,53.2167
65.3,44.49233308,-79.18157107,61.9389
65.35,44.49232764,-79.1815646,66.9944
65.4,44.49232188,-79.18155883,68.3833
65.45,44.4923158,-79.18155371,65.4944
65.5,44.4923097,-79.18154882,60.7722
65.55,44.49230356,-79.18154413,59.95
65.6,44.49229728,-79.18154007,59.6333
65.65,44.49229084,-79.18153659,59.9667
65.7,44.49228436,-79.1815333,60.1
65.75,44.49227784,-79.18153017,59.7667
65.8,44.49227112,-79.18152764,60.0167
65.85,44.49226422,-79.18152566,60.85
65.9,44.49225738,-79.18152399,59.6385
65.95,44.49225061,-79.18152262,57.5505
66.0,44.49224371,-79.18152173,58.444
66.05,44.4922367,-79.18152129,59.744
66.1,44.49222967,-79.18152145,59.636
66.15,44.49222261,-79.18152215,59.336
66.2,44.49221569,-79.18152344,58.772
66.25,44.4922089,-79.18152526,58.172
66.3,44.49220211,-79.1815275,56.1889
66.35,44.49219534,-79.18153015,54.0172
66.4,44.49218861,-79.18153318,52.85
66.45,44.49218194,-79.18153656,52.15
66.5,44.49217546,-79.18154035,54.65
66.55,44.49216915,-79.18154452,56.9
66.6,44.49216313,-79.18154927,58.5667
66.65,44.49215738,-79.18155458,59.7611
66.7,44.49215185,-79.18156016,60.4833
66.75,44.49214654,-79.18156601,64.9778
66.8,44.49214149,-79.1815723,71.0889
66.85,44.49213667,-79.18157899,72.35
66.9,44.49213178,-79.18158577,73.7222
66.95,44.49212682,-79.18159263,80.9444
67.0,44.49212203,-79.18159967,86.4167
67.05,44.49211739,-79.18160686,87.8056
67.1,44.49211262,-79.18161423,89.5278
67.15,44.49210772,-79.18162176,91.5833
67.2,44.49210261,-79.18162898,91.85
67.25,44.49209731,-79.18163593,91.35
67.3,44.49209183,-79.18164264,91.25
67.35,44.49208619,-79.18164912,91.3111
67.4,44.49208036,-79.18165533,92.4222
67.45,44.49207435,-79.18166129,93.8833
67.5,44.49206816,-79.1816669,96.1611
67.55,44.4920618,-79.18167221,97.3556
67.6,44.49205514,-79.18167691,97.4667
67.65,44.49204822,-79.18168104,97.5389
67.7,44.49204123,-79.18168484,97.5944
67.75,44.49203419,-79.18168834,97.6
67.8,44.49202704,-79.18169138,97.6
67.85,44.49201982,-79.181694,97.6
67.9,44.49201244,-79.18169616,97.6
67.95,44.49200494,-79.18169791,97.6
68.0,44.49199743,-79.18169928,97.6
68.05,44.49198992,-79.1817003,97.6
68.1,44.49198239,-79.18170086,97.6
68.15,44.49197482,-79.181701,97.6
68.2,44.49196715,-79.18170103,97.6
68.25,44.49195938,-79.18170096,97.6
68.3,44.49195155,-79.18170032,97.6
68.35,44.49194366,-79.18169914,97.6
68.4,44.4919357,-79.1816976,97.6
68.45,44.49192766,-79.18169574,97.6
68.5,44.49191957,-79.18169373,97.6
68.55,44.49191143,-79.18169161,97.6
68.6,44.49190323,-79.18168929,97.6
68.65,44.49189497,-79.18168678,97.6
68.7,44.49188666,-79.18168413,97.5944
68.75,44.4918783,-79.18168136,97.5389
68.8,44.49186989,-79.18167851,97.5
68.85,44.49186142,-79.18167559,97.5
68.9,44.49185292,-79.18167265,97.5
68.95,44.49184439,-79.18166968,97.5
69.0,44.49183579,-79.18166672,97.5
69.05,44.49182713,-79.18166376,97.5
69.1,44.49181838,-79.18166083,97.5
69.15,44.49180957,-79.18165794,97.5
69.2,44.4918007,-79.18165501,97.5
69.25,44.49179178,-79.18165205,97.5
69.3,44.4917828,-79.18164918,97.5
69.35,44.49177377,-79.18164639,97.5278
69.4,44.4917647,-79.18164347,97.5833
69.45,44.49175558,-79.18164042,97.6
69.5,44.49174641,-79.18163744,97.6
69.55,44.49173721,-79.18163452,97.65
69.6,44.49172793,-79.18163154,97.7
69.65,44.49171859,-79.18162851,97.7
69.7,44.49170923,-79.18162542,97.7
69.75,44.49169984,-79.18162225,97.7
69.8,44.49169043,-79.18161891,97.7
69.85,44.49168101,-79.18161539,97.7
69.9,44.49167159,-79.18161173,97.7
69.95,44.49166218,-79.18160794,97.7
70.0,44.49165275,-79.18160386,85.4
70.05,44.49164332,-79.18159952,71.4611
70.1,44.49163392,-79.18159505,55.0722
70.15,44.49162456,-79.18159048,43.0333
70.2,44.49161536,-79.18158569,41.1444
70.25,44.49160631,-79.18158071,40.2
70.3,44.49159743,-79.18157556,40.2
70.35,44.4915887,-79.18157025,40.3167
70.4,44.4915802,-79.18156482,40.4833
70.45,44.4915719,-79.18155926,40.7
70.5,44.49156392,-79.18155348,40.8778
70.55,44.49155626,-79.18154748,40.6556
70.6,44.49154888,-79.18154127,40.6833
70.65,44.49154179,-79.18153486,41.2944
70.7,44.49153503,-79.18152821,41.626
70.75,44.49152859,-79.18152132,41.6781
70.8,44.49152238,-79.18151431,42.0222
70.85,44.49151636,-79.18150718,42.5778
70.9,44.49151051,-79.1814998,42.7867
70.95,44.4915048,-79.18149217,42.8978
71.0,44.49149939,-79.18148426,43.4444
71.05,44.49149424,-79.18147609,43.91
71.1,44.49148938,-79.18146779,43.9656
71.15,44.49148478,-79.18145935,43.9789
71.2,44.49148037,-79.1814507,43.9233
71.25,44.49147611,-79.18144183,43.9967
71.3,44.49147219,-79.18143288,44.1633
71.35,44.49146856,-79.18142383,44.8067
71.4,44.49146531,-79.18141474,45.5844
71.45,44.49146241,-79.18140559,45.6
71.5,44.49145979,-79.18139639,45.66
71.55,44.49145743,-79.18138714,45.9933
71.6,44.49145541,-79.18137783,46.2633
71.65,44.49145371,-79.18136847,46.43
71.7,44.49145235,-79.18135913,46.4356
71.75,44.49145129,-79.1813498,46.3244
71.8,44.49145063,-79.18134053,46.17
71.85,44.49145032,-79.18133132,46.0033
71.9,44.49145028,-79.18132227,46.0
71.95,44.49145049,-79.18131337,46.01
72.0,44.49145116,-79.1813045,46.0656
72.05,44.49145227,-79.18129566,46.3322
72.1,44.49145364,-79.18128705,46.9433
72.15,44.49145524,-79.18127865,48.07
72.2,44.49145722,-79.18127032,49.57
72.25,44.49145954,-79.18126206,50.3286
72.3,44.49146216,-79.18125408,50.878
72.35,44.49146505,-79.18124638,53.1788
72.4,44.49146825,-79.181239,55.5525
72.45,44.49147175,-79.18123193,56.7978
72.5,44.49147554,-79.18122514,57.83
72.55,44.4914796,-79.18121862,57.9967
72.6,44.49148388,-79.18121228,58.3322
72.65,44.49148836,-79.1812061,58.9433
72.7,44.49149315,-79.18120027,59.5867
72.75,44.49149824,-79.18119475,60.2533
72.8,44.49150349,-79.18118953,61.7433
72.85,44.49150889,-79.18118459,63.4656
72.9,44.49151444,-79.1811801,66.8211
72.95,44.49152011,-79.18117603,70.04
73.0,44.49152591,-79.18117238,72.4844
73.05,44.49153183,-79.18116911,74.0422
73.1,44.49153788,-79.18116623,74.1533
73.15,44.49154406,-79.18116371,74.1678
73.2,44.49155039,-79.18116162,74.1122
73.25,44.49155688,-79.18115994,77.1429
73.3,44.49156345,-79.18115871,81.044
73.35,44.49157012,-79.18115791,87.0667
73.4,44.49157683,-79.18115761,93.1778
73.45,44.49158359,-79.18115776,95.4778
73.5,44.49159039,-79.1811583,97.31
73.55,44.49159725,-79.18115918,97.3656
73.6,44.49160412,-79.18116053,97.4211
73.65,44.491611,-79.1811623,97.4767
73.7,44.49161792,-79.1811645,97.5322
73.75,44.49162488,-79.18116708,97.5878
73.8,44.49163178,-79.1811702,97.6
73.85,44.49163865,-79.18117381,97.6
73.9,44.49164546,-79.18117782,97.5456
73.95,44.49165224,-79.1811822,97.5
74.0,44.49165887,-79.181187,97.5
74.05,44.49166537,-79.18119217,97.5
74.1,44.49167186,-79.18119776,97.5
74.15,44.49167834,-79.18120373,97.5
74.2,44.49168472,-79.18121008,97.5
74.25,44.49169101,-79.18121678,97.5
74.3,44.49169719,-79.18122392,97.5
74.35,44.49170328,-79.18123148,92.6544
74.4,44.49170928,-79.18123918,86.23
74.45,44.4917152,-79.18124701,73.0633
74.5,44.49172107,-79.18125489,64.8789
74.55,44.4917269,-79.18126282,64.8233
74.6,44.49173271,-79.18127054,64.7678
74.65,44.49173851,-79.18127807,64.7122
74.7,44.49174432,-79.18128534,64.8733
74.75,44.49175017,-79.18129237,65.0956
74.8,44.49175598,-79.18129914,64.8822
74.85,44.49176178,-79.18130566,64.51
74.9,44.4917677,-79.18131198,63.4544
74.95,44.49177375,-79.18131812,62.5889
75.0,44.49177985,-79.18132384,62.0333
75.05,44.49178601,-79.18132917,61.8
75.1,44.4917923,-79.18133414,61.8
75.15,44.49179872,-79.18133878,61.8867
75.2,44.49180518,-79.18134299,61.9978
75.25,44.49181167,-79.1813468,61.8367
75.3,44.49181828,-79.18135022,61.73
75.35,44.491825,-79.18135328,61.8967
75.4,44.49183177,-79.18135591,61.9578
75.45,44.49183859,-79.18135815,61.8467
75.5,44.49184544,-79.18135988,61.7678
75.55,44.4918523,-79.18136115,61.7122
75.6,44.49185912,-79.18136193,61.7433
75.65,44.49186589,-79.18136227,61.7989
75.7,44.49187257,-79.18136197,61.8
75.75,44.49187916,-79.18136108,61.81
75.8,44.49188576,-79.18135988,61.8656
75.85,44.49189236,-79.18135841,63.1456
75.9,44.49189883,-79.18135651,66.4233
75.95,44.49190519,-79.18135422,67.0267
76.0,44.49191149,-79.18135147,65.6933
76.05,44.49191774,-79.18134828,67.22
76.1,44.49192369,-79.18134463,69.5533
76.15,44.49192936,-79.18134056,69.8178
76.2,44.49193486,-79.18133601,70.57
76.25,44.49194019,-79.181331,73.7367
76.3,44.4919452,-79.18132562,77.2833
76.35,44.49194992,-79.1813199,81.45
76.4,44.49195432,-79.18131385,86.1645
76.45,44.49195842,-79.18130748,91.2756
76.5,44.49196229,-79.18130085,94.5667
76.55,44.49196593,-79.18129398,97.3444
76.6,44.49196932,-79.18128703,97.3456
76.65,44.49197246,-79.18128,97.31
76.7,44.49197547,-79.18127256,97.3656
76.75,44.49197835,-79.18126475,97.4
76.8,44.49198105,-79.18125679,97.4
76.85,44.49198358,-79.18124872,97.4322
76.9,44.49198593,-79.18124049,97.4878
76.95,44.49198811,-79.18123214,97.5
77.0,44.49199003,-79.18122355,97.5
77.05,44.49199168,-79.18121473,97.5
77.1,44.49199304,-79.18120574,97.49
77.15,44.49199412,-79.18119659,97.4344
77.2,44.49199486,-79.18118732,97.4
77.25,44.49199527,-79.18117792,97.4
77.3,44.4919956,-79.18116831,97.4
77.35,44.49199585,-79.1811585,97.4
77.4,44.49199601,-79.18114852,97.4433
77.45,44.4919961,-79.18113839,97.4989
77.5,44.49199625,-79.18112817,97.5
77.55,44.49199645,-79.18111786,97.5
77.6,44.49199665,-79.18110736,97.5
77.65,44.49199684,-79.18109669,97.5
77.7,44.491997,-79.18108591,97.5
77.75,44.49199711,-79.18107504,97.5
77.8,44.49199728,-79.18106404,97.5
77.85,44.4919975,-79.18105294,97.5433
77.9,44.49199799,-79.18104172,97.5989
77.95,44.49199874,-79.18103041,97.5456
78.0,44.49199964,-79.18101904,97.5
78.05,44.4920007,-79.18100763,97.5
78.1,44.4920021,-79.18099632,97.5
78.15,44.49200382,-79.18098512,97.5
78.2,44.49200596,-79.18097398,97.5
78.25,44.4920085,-79.18096291,97.5
78.3,44.49201141,-79.18095213,97.5
78.35,44.49201467,-79.18094163,97.5
78.4,44.49201816,-79.18093121,97.5
78.45,44.49202185,-79.18092087,97.5
78.5,44.49202577,-79.18091058,97.5
78.55,44.49202989,-79.18090034,97.5
78.6,44.49203431,-79.18089041,97.5
78.65,44.49203901,-79.18088079,97.5
78.7,44.49204401,-79.18087128,97.5
78.75,44.49204931,-79.1808619,97.5
78.8,44.49205487,-79.18085284,97.5
78.85,44.49206068,-79.18084409,97.5
78.9,44.49206677,-79.18083561,97.5
78.95,44.49207315,-79.18082739,97.5
79.0,44.4920797,-79.18081937,97.5
79.05,44.49208643,-79.18081154,97.5
79.1,44.49209334,-79.18080399,97.5
79.15,44.49210041,-79.1807967,97.5
79.2,44.49210756,-79.18078948,97.5
79.25,44.49211481,-79.18078231,97.5
79.3,44.49212219,-79.18077526,97.5
79.35,44.49212971,-79.18076831,97.5
79.4,44.49213732,-79.18076147,97.5
79.45,44.49214503,-79.18075474,97.5
79.5,44.49215278,-79.18074803,97.5
79.55,44.49216058,-79.18074134,97.5
79.6,44.49216847,-79.18073467,97.5
79.65,44.49217643,-79.18072801,97.5
79.7,44.49218441,-79.18072132,97.5
79.75,44.4921924,-79.1807146,97.5322
79.8,44.49220045,-79.18070786,97.5878
79.85,44.49220857,-79.18070113,97.6
79.9,44.49221676,-79.1806944,97.6
79.95,44.49222501,-79.18068769,97.6
80.0,44.49223333,-79.18068104,97.6
80.05,44.49224171,-79.18067443,97.6
80.1,44.49225019,-79.18066794,92.5333
80.15,44.49225876,-79.18066156,79.2
80.2,44.4922674,-79.18065522,61.8067
80.25,44.49227611,-79.18064895,41.4733
80.3,44.49228478,-79.18064293,36.74
80.35,44.4922934,-79.18063716,36.4067
80.4,44.49230194,-79.18063171,36.5089
80.45,44.49231041,-79.18062655,36.6
80.5,44.49231886,-79.18062167,36.6
80.55,44.49232731,-79.18061703,36.41
80.6,44.49233573,-79.18061266,35.91
80.65,44.49234413,-79.18060854,32.7033
80.7,44.49235246,-79.18060473,27.5367
80.75,44.49236073,-79.18060121,26.7467
80.8,44.49236897,-79.18059802,27.1911
80.85,44.4923772,-79.18059515,27.3089
80.9,44.49238528,-79.18059262,27.4
80.95,44.49239323,-79.18059041,27.4
81.0,44.49240115,-79.18058852,27.5689
81.05,44.49240905,-79.18058691,28.0133
81.1,44.49241688,-79.18058578,29.1667
81.15,44.49242465,-79.18058509,30.8333
81.2,44.49243238,-79.18058488,31.72
81.25,44.49244007,-79.1805851,32.3867
81.3,44.49244772,-79.1805857,32.2367
81.35,44.49245532,-79.18058664,32.12
81.4,44.49246275,-79.18058804,32.2311
81.45,44.49247002,-79.18058988,32.8911
81.5,44.49247715,-79.18059221,34.4467
81.55,44.49248416,-79.18059499,35.7444
81.6,44.49249107,-79.18059822,36.8556
81.65,44.49249791,-79.18060187,39.05
81.7,44.4925045,-79.18060599,41.55
81.75,44.49251088,-79.18061056,43.903
81.8,44.49251713,-79.18061558,46.253
81.85,44.49252327,-79.18062102,46.5722
81.9,44.49252915,-79.18062684,47.1871
81.95,44.49253478,-79.18063301,49.3376
82.0,44.49254012,-79.18063962,51.5289
82.05,44.49254519,-79.18064663,53.8067
82.1,44.49254997,-79.18065392,56.0844
82.15,44.49255448,-79.18066146,58.3622
82.2,44.49255871,-79.18066922,60.2505
82.25,44.49256268,-79.18067716,61.9874
82.3,44.49256629,-79.18068549,62.9979
82.35,44.49256956,-79.18069416,63.8489
82.4,44.49257259,-79.18070297,64.0567
82.45,44.49257541,-79.18071192,64.2856
82.5,44.49257792,-79.18072105,64.8967
82.55,44.49258016,-79.18073036,65.6022
82.6,44.49258198,-79.18073975,66.4911
82.65,44.4925834,-79.18074922,68.46
82.7,44.49258448,-79.18075884,71.3489
82.75,44.49258526,-79.1807686,74.8956
82.8,44.49258575,-79.18077851,78.6733
82.85,44.49258597,-79.18078856,87.8822
82.9,44.49258586,-79.18079859,96.1778
82.95,44.49258544,-79.18080861,96.7333
83.0,44.49258462,-79.18081877,97.1189
83.05,44.49258342,-79.18082905,97.1744
83.1,44.49258185,-79.18083923,97.2
83.15,44.49257992,-79.18084929,97.2
83.2,44.49257772,-79.18085941,97.1619
83.25,44.49257526,-79.18086958,97.1103
83.3,44.49257265,-79.18087978,97.1
83.35,44.49256991,-79.18089001,97.1
83.4,44.49256718,-79.18090041,97.1
83.45,44.49256447,-79.18091095,96.5556
83.5,44.49256188,-79.1809216,92.6667
83.55,44.49255942,-79.18093234,89.1367
83.6,44.49255723,-79.18094327,86.3033
83.65,44.49255531,-79.18095437,84.91
83.7,44.49255368,-79.18096555,84.7433
83.75,44.49255232,-79.18097679,84.9878
83.8,44.49255125,-79.18098813,85.3767
83.85,44.49255045,-79.18099955,83.1227
83.9,44.49255,-79.18101098,80.7
83.95,44.49254988,-79.18102242,80.5925
84.0,44.49255004,-79.18103385,80.8967
84.05,44.49255046,-79.18104529,83.73
84.1,44.49255115,-79.18105673,87.7911
84.15,44.49255209,-79.18106818,94.2356
84.2,44.4925535,-79.1810795,97.2
84.25,44.49255534,-79.18109071,97.2
84.3,44.49255745,-79.18110189,97.2
84.35,44.4925598,-79.18111303,97.2
84.4,44.49256242,-79.18112412,97.2522
84.45,44.49256527,-79.18113518,97.3078
84.5,44.49256841,-79.18114618,97.3633
84.55,44.4925718,-79.18115713,97.4
84.6,44.49257546,-79.18116802,97.4
84.65,44.49257935,-79.18117883,97.4
84.7,44.49258355,-79.1811895,97.4
84.75,44.49258802,-79.18120003,97.4
84.8,44.49259276,-79.18121046,97.4
84.85,44.49259773,-79.1812208,97.4
84.9,44.49260285,-79.18123101,97.4
84.95,44.49260812,-79.1812411,97.4
85.0,44.49261362,-79.18125117,97.4
85.05,44.49261934,-79.18126121,97.4
85.1,44.49262523,-79.1812711,97.4
85.15,44.4926313,-79.18128082,97.4
85.2,44.49263759,-79.18129041,97.4
85.25,44.49264408,-79.18129988,97.4
85.3,44.49265078,-79.18130908,97.4522
85.35,44.49265768,-79.18131803,97.5
